ST	clbA	clbB	clbC	clbD	clbE	clbF	clbG	clbH	clbI	clbL	clbM	clbN	clbO	clbP	clbQ	clb_lineage
1	1	1	1	1	1	1	1	1	1	1	1	1	1	1	1	clb 1
2	1	13	1	1	1	3	5	6	6	1	1	1	4	1	1	clb 1
3	1	13	1	1	1	3	5	6	6	1	1	12	4	1	1	clb 1
4	1	13	1	1	1	3	5	6	9	1	1	1	4	1	1	clb 1
5	1	14	1	1	1	3	1	9	7	1	1	1	3	5	3	clb 1
6	1	15	6	5	1	3	5	6	8	1	1	1	5	1	1	clb 1
7	1	19	1	1	1	3	6	6	3	1	1	1	11	1	1	clb 1
8	1	26	1	1	1	1	1	1	1	1	1	1	1	1	1	clb 1
9	1	4	1	1	1	1	1	5	1	1	1	1	1	1	1	clb 1
10	1	5	4	1	1	1	1	1	1	1	1	1	1	1	1	clb 1
11	1	5	4	1	1	1	3	1	1	1	3	4	1	1	1	clb 1
12	2	10	10	2	2	2	2	8	2	2	2	2	2	2	2	clb 3
13	2	10	2	2	2	2	2	3	2	2	2	2	2	2	2	clb 3
14	2	2	2	2	6	2	2	3	2	2	2	2	2	2	2	clb 2
15	2	10	2	2	2	2	2	3	2	2	2	2	6	2	2	clb 3
16	2	10	2	2	2	2	2	3	2	2	2	9	2	9	2	clb 3
17	2	10	2	2	2	2	2	8	2	2	2	2	2	2	2	clb 3
18	2	10	2	2	2	4	2	10	2	2	2	2	2	2	2	clb 3
19	2	10	2	2	2	4	2	8	2	2	2	2	2	2	2	clb 3
20	2	10	2	2	2	4	2	8	2	2	2	2	2	8	2	clb 3
21	2	10	2	2	2	4	2	8	2	2	2	22	2	2	2	clb 3
22	2	16	2	2	2	4	2	8	2	2	2	2	2	2	2	clb 3
23	2	17	2	2	2	2	2	8	2	2	5	2	2	2	2	clb 3
24	2	18	2	2	2	2	2	3	2	2	2	2	2	2	2	clb 2
25	2	2	11	2	2	2	2	3	2	6	2	2	2	2	2	clb 2
26	2	2	2	2	2	2	2	3	2	2	2	14	2	2	2	clb 2
27	2	2	2	2	2	2	2	3	2	2	2	2	17	2	2	clb 2
28	2	2	2	2	2	2	2	3	2	2	2	2	18	2	2	clb 2
29	2	2	2	2	2	2	2	3	2	2	2	2	2	2	2	clb 2
30	2	2	2	2	2	2	2	3	2	2	2	2	2	6	2	clb 2
31	2	2	2	2	2	2	2	3	2	2	2	2	2	7	2	clb 2
32	2	2	2	2	2	2	2	3	2	2	2	3	2	2	2	clb 2
33	2	2	2	2	2	2	2	3	2	7	2	2	2	2	2	clb 2
34	2	2	2	2	2	2	2	3	2	8	2	2	2	2	2	clb 2
35	2	2	2	2	7	2	2	3	2	2	2	2	2	2	2	clb 2
36	2	2	2	6	2	2	2	3	2	2	2	2	2	2	2	clb 2
37	2	2	5	2	4	2	2	3	2	2	4	2	2	2	2	clb 2
38	2	24	2	2	2	2	2	3	2	2	2	2	2	2	2	clb 2
39	2	25	2	7	2	2	2	16	2	5	2	10	2	2	2	clb 2
40	2	27	2	2	2	2	2	3	2	2	2	2	2	2	2	clb 2
41	2	28	2	2	2	10	2	3	2	2	2	2	2	2	2	clb 2
42	2	29	2	2	2	2	2	3	2	2	2	2	2	2	2	clb 2
43	2	30	2	2	2	2	2	3	2	2	2	2	2	2	2	clb 2
44	2	32	2	2	2	2	2	3	2	2	2	2	2	4	2	clb 2
45	2	36	2	2	2	2	2	3	2	2	2	2	2	2	2	clb 2
46	2	37	2	2	2	2	2	3	2	2	2	2	2	2	2	clb 2
47	2	38	2	2	2	2	2	3	2	2	2	2	2	2	2	clb 2
48	2	39	2	2	2	11	2	8	2	2	2	2	2	2	2	clb 3
49	2	39	2	2	2	2	2	18	2	2	2	2	2	2	2	clb 3
50	2	39	2	2	2	2	2	20	2	2	2	2	2	2	2	clb 3
51	2	39	2	2	2	2	2	8	13	2	2	2	2	2	2	clb 3
52	2	39	2	2	2	2	2	8	2	2	2	2	2	2	2	clb 3
53	2	43	2	2	2	4	2	8	2	2	2	2	2	2	2	clb 3
54	2	8	2	2	3	2	2	7	2	2	2	2	2	2	2	clb 3
55	2	9	2	2	2	2	2	8	4	2	2	2	2	2	2	clb 3
56	4	33	1	3	1	3	1	6	3	1	1	8	14	1	1	clb 1
57	4	34	1	3	1	3	1	6	3	1	1	8	14	1	1	clb 1
58	4	35	1	3	1	3	1	19	3	1	1	8	14	1	1	clb 1
59	4	6	1	3	1	3	1	6	3	1	1	8	14	1	1	clb 1
60	5	10	2	2	2	4	2	8	11	2	2	2	2	2	2	clb 3
61	5	10	2	2	2	4	2	8	12	2	2	2	2	2	2	clb 3
62	5	10	2	2	2	4	2	8	2	2	2	2	2	2	2	clb 3
63	5	21	2	2	2	4	2	8	2	2	2	2	2	2	2	clb 3
64	6	10	2	2	2	2	2	17	2	2	2	2	2	2	2	clb 3
65	7	6	1	3	1	3	1	6	3	1	8	16	14	1	1	clb 1
66	1	65	1	1	1	3	1	25	3	1	1	1	14	1	1	clb 1
67	1	15	6	1	1	3	5	6	3	1	1	24	5	1	1	clb 1
68	2	2	2	2	2	2	2	2	2	2	2	2	2	2	2	clb 2
69	8	10	21	2	2	2	2	28	2	2	2	2	2	2	2	clb 3
70	1	66	1	1	9	3	1	6	23	1	1	25	16	1	1	clb 1
71	2	68	2	2	2	2	2	2	2	2	2	2	2	2	2	clb 2
72	9	2	2	2	2	2	2	3	2	2	2	2	2	2	2	clb 2
73	2	10	21	2	2	2	2	28	2	2	2	2	2	2	2	clb 3
74	1	67	1	1	1	3	10	25	3	1	1	26	14	1	1	clb 1
75	1	13	1	1	1	3	5	6	6	1	1	27	4	1	1	clb 1
76	1	7	1	1	1	3	1	6	3	1	1	1	3	12	1	clb 1
77	2	69	2	2	2	2	2	3	2	2	2	2	2	2	2	clb 2
78	2	2	2	2	2	2	2	3	2	2	2	2	2	13	2	clb 2
79	2	53	2	2	2	2	2	8	2	2	2	2	2	2	2	clb 3
80	2	71	2	2	2	2	2	8	2	2	2	2	2	2	2	clb 3
81	2	53	2	2	2	2	2	8	2	2	2	2	2	14	2	clb 3
82	2	53	2	2	2	2	2	8	2	2	2	28	2	2	2	clb 3